Course Code,Year,Semester,Student ID,Midterm Score,Lab Score,Finals Scores
CTT008,2017,1,1712092,8.000000,7.500000,9.500000
CTT008,2017,2,1712092,8.500000,7.500000,9.500000